프로그램ID,name,category,source,raw_text
P0001,치매선별검사,,전국치매센터표준데이터_utf8.csv,치매선별검사
P0002,인지건강증진프로그램운영 등,,전국치매센터표준데이터_utf8.csv,인지건강증진프로그램운영 등
P0003,치매예방및인식개선,,전국치매센터표준데이터_utf8.csv,치매예방및인식개선
P0004,치매조기검진,,전국치매센터표준데이터_utf8.csv,치매조기검진
P0005,치매및고위험인지재활프로그램,,전국치매센터표준데이터_utf8.csv,치매및고위험인지재활프로그램
P0006,치매치료비지원,,전국치매센터표준데이터_utf8.csv,치매치료비지원
P0007,치매지역자원강화 등,,전국치매센터표준데이터_utf8.csv,치매지역자원강화 등
P0008,조기검진,,전국치매센터표준데이터_utf8.csv,조기검진
P0009,쉼터,,전국치매센터표준데이터_utf8.csv,쉼터
P0010,가족지원,,전국치매센터표준데이터_utf8.csv,가족지원
P0011,인식개선 등치매검진,,전국치매센터표준데이터_utf8.csv,인식개선 등치매검진
P0012,치매치료비,,전국치매센터표준데이터_utf8.csv,치매치료비
P0013,조호물품,,전국치매센터표준데이터_utf8.csv,조호물품
P0014,배회인식표,,전국치매센터표준데이터_utf8.csv,배회인식표
P0015,가족모임,,전국치매센터표준데이터_utf8.csv,가족모임
P0016,인지건강센터,,전국치매센터표준데이터_utf8.csv,인지건강센터
P0017,기억친구 등,,전국치매센터표준데이터_utf8.csv,기억친구 등
P0018,무료치매검진 및 진단,,전국치매센터표준데이터_utf8.csv,무료치매검진 및 진단
P0019,치매예방교육,,전국치매센터표준데이터_utf8.csv,치매예방교육
P0020,치매예방인지재활프로그램,,전국치매센터표준데이터_utf8.csv,치매예방인지재활프로그램
P0021,치매가족지지 프로그램,,전국치매센터표준데이터_utf8.csv,치매가족지지 프로그램
P0022,실종예방프로그램,,전국치매센터표준데이터_utf8.csv,실종예방프로그램
P0023,조호물품지원 등,,전국치매센터표준데이터_utf8.csv,조호물품지원 등
P0024,치매조기검진 및 등록관리,,전국치매센터표준데이터_utf8.csv,치매조기검진 및 등록관리
P0025,치매예방 및 인식개선,,전국치매센터표준데이터_utf8.csv,치매예방 및 인식개선
P0026,치매의료비 지원,,전국치매센터표준데이터_utf8.csv,치매의료비 지원
P0027,인지건강프로그램 및 치매환자쉼터 운영,,전국치매센터표준데이터_utf8.csv,인지건강프로그램 및 치매환자쉼터 운영
P0028,치매환자 가족지원,,전국치매센터표준데이터_utf8.csv,치매환자 가족지원
P0029,맞춤형 인지프로그램 운영,,전국치매센터표준데이터_utf8.csv,맞춤형 인지프로그램 운영
P0030,사례관리,,전국치매센터표준데이터_utf8.csv,사례관리
P0031,조호물품 지원,,전국치매센터표준데이터_utf8.csv,조호물품 지원
P0032,치매공공후견사업,,전국치매센터표준데이터_utf8.csv,치매공공후견사업
P0033,기억키움쉼터 및 가족카페 운영,,전국치매센터표준데이터_utf8.csv,기억키움쉼터 및 가족카페 운영
P0034,무료치매검사,,전국치매센터표준데이터_utf8.csv,무료치매검사
P0035,정상 고위험 치매 프로그램 및 인지프로그램 운영,,전국치매센터표준데이터_utf8.csv,정상 고위험 치매 프로그램 및 인지프로그램 운영
P0036,치매가족프로그램 등,,전국치매센터표준데이터_utf8.csv,치매가족프로그램 등
P0037,예방 및 인식개선 사업,,전국치매센터표준데이터_utf8.csv,예방 및 인식개선 사업
P0038,조기검진 사업,,전국치매센터표준데이터_utf8.csv,조기검진 사업
P0039,등록관리사업,,전국치매센터표준데이터_utf8.csv,등록관리사업
P0040,치매치료관리비 지원사업,,전국치매센터표준데이터_utf8.csv,치매치료관리비 지원사업
P0041,중증치매노인공공후견사업,,전국치매센터표준데이터_utf8.csv,중증치매노인공공후견사업
P0042,치매예방 및 등록관리,,전국치매센터표준데이터_utf8.csv,치매예방 및 등록관리
P0043,치매치료비 지원,,전국치매센터표준데이터_utf8.csv,치매치료비 지원
P0044,쉼터 및 일상생활훈련센터 운영,,전국치매센터표준데이터_utf8.csv,쉼터 및 일상생활훈련센터 운영
P0045,지역자원강화 사업 등,,전국치매센터표준데이터_utf8.csv,지역자원강화 사업 등
P0046,"치매환자의 등록·관리, 치매의 예방·교육 및 홍보, 치매조기검진 등",,전국치매센터표준데이터_utf8.csv,"치매환자의 등록·관리, 치매의 예방·교육 및 홍보, 치매조기검진 등"
P0047,치매환자 등록관리,,전국치매센터표준데이터_utf8.csv,치매환자 등록관리
P0048,치매환자 인지재활프로그램,,전국치매센터표준데이터_utf8.csv,치매환자 인지재활프로그램
P0049,가족치유 프로그램,,전국치매센터표준데이터_utf8.csv,가족치유 프로그램
P0050,기억키움학교 운영,,전국치매센터표준데이터_utf8.csv,기억키움학교 운영
P0051,치매환자 상담 및 등록관리,,전국치매센터표준데이터_utf8.csv,치매환자 상담 및 등록관리
P0052,치매예방관리,,전국치매센터표준데이터_utf8.csv,치매예방관리
P0053,치매환자쉼터운영,,전국치매센터표준데이터_utf8.csv,치매환자쉼터운영
P0054,치매가족지원,,전국치매센터표준데이터_utf8.csv,치매가족지원
P0055,치매인식개선및교육홍보,,전국치매센터표준데이터_utf8.csv,치매인식개선및교육홍보
P0056,치매안심마을운영,,전국치매센터표준데이터_utf8.csv,치매안심마을운영
P0057,치매예방및인식개선사업,,전국치매센터표준데이터_utf8.csv,치매예방및인식개선사업
P0058,치매조기검진 및 등록관리사업,,전국치매센터표준데이터_utf8.csv,치매조기검진 및 등록관리사업
P0059,치매치료비및원인확진검사비지원,,전국치매센터표준데이터_utf8.csv,치매치료비및원인확진검사비지원
P0060,공공후견사업,,전국치매센터표준데이터_utf8.csv,공공후견사업
P0061,경증 치매환자 대상 단기 보호(쉼터)운영,,전국치매센터표준데이터_utf8.csv,경증 치매환자 대상 단기 보호(쉼터)운영
P0062,치매가족교육,,전국치매센터표준데이터_utf8.csv,치매가족교육
P0063,온라인 치매예방 프로그램,,전국치매센터표준데이터_utf8.csv,온라인 치매예방 프로그램
P0064,치매가족 카페,,전국치매센터표준데이터_utf8.csv,치매가족 카페
P0065,힐링 프로그램 등,,전국치매센터표준데이터_utf8.csv,힐링 프로그램 등
P0066,"무료치매검사, 고도화장비기반 치매검사, 인지건강프로그램, 치매환자 가족교육 및 지지프로그램, 안심하우스 및 기억키움학교 운영, 치매 홍보서포터즈 운영 등",,전국치매센터표준데이터_utf8.csv,"무료치매검사, 고도화장비기반 치매검사, 인지건강프로그램, 치매환자 가족교육 및 지지프로그램, 안심하우스 및 기억키움학교 운영, 치매 홍보서포터즈 운영 등"
P0067,치매검진,,전국치매센터표준데이터_utf8.csv,치매검진
P0068,치매예방등록관리,,전국치매센터표준데이터_utf8.csv,치매예방등록관리
P0069,지역사회자원 강화,,전국치매센터표준데이터_utf8.csv,지역사회자원 강화
P0070,인지카페 기억다방 운영,,전국치매센터표준데이터_utf8.csv,인지카페 기억다방 운영
P0071,기억키움학교,,전국치매센터표준데이터_utf8.csv,기억키움학교
P0072,치매 찾동 협업 인지강화프로그램 등,,전국치매센터표준데이터_utf8.csv,치매 찾동 협업 인지강화프로그램 등
P0073,치매인식개선 및 등록관리사업,,전국치매센터표준데이터_utf8.csv,치매인식개선 및 등록관리사업
P0074,쉼터 및 인지건강프로그램 운영,,전국치매센터표준데이터_utf8.csv,쉼터 및 인지건강프로그램 운영
P0075,치매검사,,전국치매센터표준데이터_utf8.csv,치매검사
P0076,치매 상담 및 등록관리,,전국치매센터표준데이터_utf8.csv,치매 상담 및 등록관리
P0077,치매인식개선,,전국치매센터표준데이터_utf8.csv,치매인식개선
P0078,인지강화 및 치매예방교실 운영 등,,전국치매센터표준데이터_utf8.csv,인지강화 및 치매예방교실 운영 등
P0079,"치매예방 및 인식개선(교육, 홍보)치매조기검진(선별검진, 정밀검진)치매예방등록사업(상담 및 사례관리, 환자 및 가족 지원, 인지건강 프로그램 운영)치매치료비 및 원인확진검사비 지원(저소득 치매환자)치매지역사회 지원강화(지역사회 인적, 물적 자원 연계)치매통합관리 정보시스템 구축 운영",,전국치매센터표준데이터_utf8.csv,"치매예방 및 인식개선(교육, 홍보)치매조기검진(선별검진, 정밀검진)치매예방등록사업(상담 및 사례관리, 환자 및 가족 지원, 인지건강 프로그램 운영)치매치료비 및 원인확진검사비 지원(저소득 치매환자)치매지역사회 지원강화(지역사회 인적, 물적 자원 연계)치매통합관리 정보시스템 구축 운영"
P0080,조기검진사업,,전국치매센터표준데이터_utf8.csv,조기검진사업
P0081,치매환자등록관리사업,,전국치매센터표준데이터_utf8.csv,치매환자등록관리사업
P0082,치매환자쉼터 운영사업,,전국치매센터표준데이터_utf8.csv,치매환자쉼터 운영사업
P0083,가족모임운영,,전국치매센터표준데이터_utf8.csv,가족모임운영
P0084,교육 및 인지프로그램 운영,,전국치매센터표준데이터_utf8.csv,교육 및 인지프로그램 운영
P0085,치매예방관리사업,,전국치매센터표준데이터_utf8.csv,치매예방관리사업
P0086,홍보사업,,전국치매센터표준데이터_utf8.csv,홍보사업
P0087,치매파트너 양성,,전국치매센터표준데이터_utf8.csv,치매파트너 양성
P0088,지역자원강화사업 등,,전국치매센터표준데이터_utf8.csv,지역자원강화사업 등
P0089,"치매 조기검진 및 등록관리, 치료비 지원 및 사례관리, 인지건강프로그램 운영, 치매예방 교육 및 홍보",,전국치매센터표준데이터_utf8.csv,"치매 조기검진 및 등록관리, 치료비 지원 및 사례관리, 인지건강프로그램 운영, 치매예방 교육 및 홍보"
P0090,치매예방 및 인식개선사업,,전국치매센터표준데이터_utf8.csv,치매예방 및 인식개선사업
P0091,치매조기검진 사업,,전국치매센터표준데이터_utf8.csv,치매조기검진 사업
P0092,치매예방등록관리 사업,,전국치매센터표준데이터_utf8.csv,치매예방등록관리 사업
P0093,저소득층 치매치료비 및 원인확진검사비 지원 사업,,전국치매센터표준데이터_utf8.csv,저소득층 치매치료비 및 원인확진검사비 지원 사업
P0094,치매지역사회자원강화 사업 등,,전국치매센터표준데이터_utf8.csv,치매지역사회자원강화 사업 등
P0095,맞춤형 치매예방 프로그램,,전국치매센터표준데이터_utf8.csv,맞춤형 치매예방 프로그램
P0096,"지매환자 약제비, 검사비 지원",,전국치매센터표준데이터_utf8.csv,"지매환자 약제비, 검사비 지원"
P0097,"가족 지원(힐링 프로그램, 자조모임, 교육)",,전국치매센터표준데이터_utf8.csv,"가족 지원(힐링 프로그램, 자조모임, 교육)"
P0098,조호물품지원,,전국치매센터표준데이터_utf8.csv,조호물품지원
P0099,인식개선사업 등,,전국치매센터표준데이터_utf8.csv,인식개선사업 등
P0100,지역사회자원강화,,전국치매센터표준데이터_utf8.csv,지역사회자원강화
P0101,치매상담,,전국치매센터표준데이터_utf8.csv,치매상담
P0102,치매조기검진사업,,전국치매센터표준데이터_utf8.csv,치매조기검진사업
P0103,치매예방교실,,전국치매센터표준데이터_utf8.csv,치매예방교실
P0104,치매환자쉼터,,전국치매센터표준데이터_utf8.csv,치매환자쉼터
P0105,치매가족교실,,전국치매센터표준데이터_utf8.csv,치매가족교실
P0106,치매환자조호물품지원,,전국치매센터표준데이터_utf8.csv,치매환자조호물품지원
P0107,치매인식개선사업 등,,전국치매센터표준데이터_utf8.csv,치매인식개선사업 등
P0108,치매예방프로그램,,전국치매센터표준데이터_utf8.csv,치매예방프로그램
P0109,치매환자 지원,,전국치매센터표준데이터_utf8.csv,치매환자 지원
P0110,치매 인식 개선사업 등,,전국치매센터표준데이터_utf8.csv,치매 인식 개선사업 등
P0111,치매 선별검사,,전국치매센터표준데이터_utf8.csv,치매 선별검사
P0112,치매환자 인지재활 프로그램,,전국치매센터표준데이터_utf8.csv,치매환자 인지재활 프로그램
P0113,치매환자가족교실,,전국치매센터표준데이터_utf8.csv,치매환자가족교실
P0114,자조모임,,전국치매센터표준데이터_utf8.csv,자조모임
P0115,치매 예방교육 등,,전국치매센터표준데이터_utf8.csv,치매 예방교육 등
P0116,인지재활프로그램,,전국치매센터표준데이터_utf8.csv,인지재활프로그램
P0117,고위험군 인지강화교실,,전국치매센터표준데이터_utf8.csv,고위험군 인지강화교실
P0118,치매예방교실 등,,전국치매센터표준데이터_utf8.csv,치매예방교실 등
P0119,가족지원사업 등,,전국치매센터표준데이터_utf8.csv,가족지원사업 등
P0120,치매상담 및 등록관리,,전국치매센터표준데이터_utf8.csv,치매상담 및 등록관리
P0121,치매조기검진 및 예방관리,,전국치매센터표준데이터_utf8.csv,치매조기검진 및 예방관리
P0122,치매환자쉼터 운영,,전국치매센터표준데이터_utf8.csv,치매환자쉼터 운영
P0123,치매가족 지원,,전국치매센터표준데이터_utf8.csv,치매가족 지원
P0124,치매인식개선 및 교육홍보 등,,전국치매센터표준데이터_utf8.csv,치매인식개선 및 교육홍보 등
P0125,치매대상자 등록관리,,전국치매센터표준데이터_utf8.csv,치매대상자 등록관리
P0126,치매치료관리비지원,,전국치매센터표준데이터_utf8.csv,치매치료관리비지원
P0127,치매인식개선 및 홍보 등,,전국치매센터표준데이터_utf8.csv,치매인식개선 및 홍보 등
P0128,가족교육 등,,전국치매센터표준데이터_utf8.csv,가족교육 등
P0129,치매환자 등록 관리,,전국치매센터표준데이터_utf8.csv,치매환자 등록 관리
P0130,중증치매노인공공후견,,전국치매센터표준데이터_utf8.csv,중증치매노인공공후견
P0131,치매치료관리비 지원,,전국치매센터표준데이터_utf8.csv,치매치료관리비 지원
P0132,치매환자 쉼터 및 가족지원,,전국치매센터표준데이터_utf8.csv,치매환자 쉼터 및 가족지원
P0133,치매 인식 개선을 위한 홍보 캠페인 등,,전국치매센터표준데이터_utf8.csv,치매 인식 개선을 위한 홍보 캠페인 등
P0134,치료관리비 지원,,전국치매센터표준데이터_utf8.csv,치료관리비 지원
P0135,치매예방 챌린지 <기억 쑥쑥 뇌 튼튼 요일표> 프로그램,,전국치매센터표준데이터_utf8.csv,치매예방 챌린지 <기억 쑥쑥 뇌 튼튼 요일표> 프로그램
P0136,"치매조기검진, 치매예방프로그램, 치매환자 지원사업, 치매 인식개선 홍보 캠페인 등",,전국치매센터표준데이터_utf8.csv,"치매조기검진, 치매예방프로그램, 치매환자 지원사업, 치매 인식개선 홍보 캠페인 등"
P0137,치매상담검진,,전국치매센터표준데이터_utf8.csv,치매상담검진
P0138,환자 및 가족 지원,,전국치매센터표준데이터_utf8.csv,환자 및 가족 지원
P0139,인식개선홍보,,전국치매센터표준데이터_utf8.csv,인식개선홍보
P0140,치매사례관리,,전국치매센터표준데이터_utf8.csv,치매사례관리
P0141,치매상담 및 정보 제공,,전국치매센터표준데이터_utf8.csv,치매상담 및 정보 제공
P0142,치매가구 맞춤형 사례관리,,전국치매센터표준데이터_utf8.csv,치매가구 맞춤형 사례관리
P0143,치매예방 및 인지강화교실 운영,,전국치매센터표준데이터_utf8.csv,치매예방 및 인지강화교실 운영
P0144,치매환자 단기보호쉼터 운영,,전국치매센터표준데이터_utf8.csv,치매환자 단기보호쉼터 운영
P0145,치매가족교실 및 힐링까페 운영,,전국치매센터표준데이터_utf8.csv,치매가족교실 및 힐링까페 운영
P0146,치매환자 조호물품 지원,,전국치매센터표준데이터_utf8.csv,치매환자 조호물품 지원
P0147,치매인식개선사업 운영 등,,전국치매센터표준데이터_utf8.csv,치매인식개선사업 운영 등
P0148,치매초기상담,,전국치매센터표준데이터_utf8.csv,치매초기상담
P0149,1:1 사례관리,,전국치매센터표준데이터_utf8.csv,1:1 사례관리
P0150,치매치료비지원 등,,전국치매센터표준데이터_utf8.csv,치매치료비지원 등
P0151,"치매조기검진(선별,정밀)",,전국치매센터표준데이터_utf8.csv,"치매조기검진(선별,정밀)"
P0152,치매환자 공공후견인지원,,전국치매센터표준데이터_utf8.csv,치매환자 공공후견인지원
P0153,인지강화교실,,전국치매센터표준데이터_utf8.csv,인지강화교실
P0154,인지재활교실,,전국치매센터표준데이터_utf8.csv,인지재활교실
P0155,가족교실(헤아림),,전국치매센터표준데이터_utf8.csv,가족교실(헤아림)
P0156,가족모임지원 등,,전국치매센터표준데이터_utf8.csv,가족모임지원 등
P0157,"치매조기검진사업, 치매환자 및 가족프로그램 운영, 치매예방교육 및 인식개선사업 등",,전국치매센터표준데이터_utf8.csv,"치매조기검진사업, 치매환자 및 가족프로그램 운영, 치매예방교육 및 인식개선사업 등"
P0158,치매예방교실운영,,전국치매센터표준데이터_utf8.csv,치매예방교실운영
P0159,치매인지강화교실운영,,전국치매센터표준데이터_utf8.csv,치매인지강화교실운영
P0160,치매쉼터(인지재활교실)운영,,전국치매센터표준데이터_utf8.csv,치매쉼터(인지재활교실)운영
P0161,가족지원프로그램운영 및 자조모임운영,,전국치매센터표준데이터_utf8.csv,가족지원프로그램운영 및 자조모임운영
P0162,치매극복의 날 기념행사 등,,전국치매센터표준데이터_utf8.csv,치매극복의 날 기념행사 등
P0163,치매인지재활프로그램 등,,전국치매센터표준데이터_utf8.csv,치매인지재활프로그램 등
P0164,인지재활 및 가족지지 프로그램,,전국치매센터표준데이터_utf8.csv,인지재활 및 가족지지 프로그램
P0165,조호물품 제공,,전국치매센터표준데이터_utf8.csv,조호물품 제공
P0166,쉼터운영,,전국치매센터표준데이터_utf8.csv,쉼터운영
P0167,치매환자 실종예방사업,,전국치매센터표준데이터_utf8.csv,치매환자 실종예방사업
P0168,맞춤형사례관리,,전국치매센터표준데이터_utf8.csv,맞춤형사례관리
P0169,쉼터인지재활프로그램,,전국치매센터표준데이터_utf8.csv,쉼터인지재활프로그램
P0170,치매가족교실 등,,전국치매센터표준데이터_utf8.csv,치매가족교실 등
P0171,치매환자 및 가족 프로그램운영,,전국치매센터표준데이터_utf8.csv,치매환자 및 가족 프로그램운영
P0172,인식개선활동 및 홍보 등,,전국치매센터표준데이터_utf8.csv,인식개선활동 및 홍보 등
P0173,선별검사,,전국치매센터표준데이터_utf8.csv,선별검사
P0174,진단검사,,전국치매센터표준데이터_utf8.csv,진단검사
P0175,상담,,전국치매센터표준데이터_utf8.csv,상담
P0176,기억쉼터 운영 및 인지재활프로그램,,전국치매센터표준데이터_utf8.csv,기억쉼터 운영 및 인지재활프로그램
P0177,가족교실 운영,,전국치매센터표준데이터_utf8.csv,가족교실 운영
P0178,맞춤형사례관리 등,,전국치매센터표준데이터_utf8.csv,맞춤형사례관리 등
P0179,상담및등록관리사업,,전국치매센터표준데이터_utf8.csv,상담및등록관리사업
P0180,치매지원서비스관리(치매치료관리비 지원),,전국치매센터표준데이터_utf8.csv,치매지원서비스관리(치매치료관리비 지원)
P0181,맞춤형사례관리사업,,전국치매센터표준데이터_utf8.csv,맞춤형사례관리사업
P0182,치매가족및보호자지원사업,,전국치매센터표준데이터_utf8.csv,치매가족및보호자지원사업
P0183,치매인식개선 홍보,,전국치매센터표준데이터_utf8.csv,치매인식개선 홍보
P0184,치매 선별검사 및 진단검사,,전국치매센터표준데이터_utf8.csv,치매 선별검사 및 진단검사
P0185,치매예방 프로그램,,전국치매센터표준데이터_utf8.csv,치매예방 프로그램
P0186,치매환자 돌봄,,전국치매센터표준데이터_utf8.csv,치매환자 돌봄
P0187,치매환자 가족 지원,,전국치매센터표준데이터_utf8.csv,치매환자 가족 지원
P0188,치매 인식개선 홍보,,전국치매센터표준데이터_utf8.csv,치매 인식개선 홍보
P0189,조기검진 및 등록관리,,전국치매센터표준데이터_utf8.csv,조기검진 및 등록관리
P0190,치매환자지원사업,,전국치매센터표준데이터_utf8.csv,치매환자지원사업
P0191,치매환자 쉼터운영,,전국치매센터표준데이터_utf8.csv,치매환자 쉼터운영
P0192,치매환자 가족및보호자지원사업,,전국치매센터표준데이터_utf8.csv,치매환자 가족및보호자지원사업
P0193,치매인식개선사업,,전국치매센터표준데이터_utf8.csv,치매인식개선사업
P0194,맞춤형사례관리사업 등,,전국치매센터표준데이터_utf8.csv,맞춤형사례관리사업 등
P0195,인지재활프로그램 운영,,전국치매센터표준데이터_utf8.csv,인지재활프로그램 운영
P0196,치매관련교육,,전국치매센터표준데이터_utf8.csv,치매관련교육
P0197,조호물품 제공 등,,전국치매센터표준데이터_utf8.csv,조호물품 제공 등
P0198,인지강화 프로그램,,전국치매센터표준데이터_utf8.csv,인지강화 프로그램
P0199,쉼터 프로그램,,전국치매센터표준데이터_utf8.csv,쉼터 프로그램
P0200,찾아가는 치매예방교육 및 선별검사,,전국치매센터표준데이터_utf8.csv,찾아가는 치매예방교육 및 선별검사
P0201,상담 및 등록관리,,전국치매센터표준데이터_utf8.csv,상담 및 등록관리
P0202,치매 조기검진,,전국치매센터표준데이터_utf8.csv,치매 조기검진
P0203,치매환자 쉼터 운영,,전국치매센터표준데이터_utf8.csv,치매환자 쉼터 운영
P0204,치매지원 서비스,,전국치매센터표준데이터_utf8.csv,치매지원 서비스
P0205,치매가족 및 보호자 지원사업,,전국치매센터표준데이터_utf8.csv,치매가족 및 보호자 지원사업
P0206,치매 인식개선 및 교육·홍보 사업,,전국치매센터표준데이터_utf8.csv,치매 인식개선 및 교육·홍보 사업
P0207,치매 안심마을 운영,,전국치매센터표준데이터_utf8.csv,치매 안심마을 운영
P0208,치매조기선별검진,,전국치매센터표준데이터_utf8.csv,치매조기선별검진
P0209,인지건강프로그램운영등,,전국치매센터표준데이터_utf8.csv,인지건강프로그램운영등
P0210,치매환자등록,,전국치매센터표준데이터_utf8.csv,치매환자등록
P0211,치매조호물품,,전국치매센터표준데이터_utf8.csv,치매조호물품
P0212,프로그램 운영,,전국치매센터표준데이터_utf8.csv,프로그램 운영
P0213,치매예방,,전국치매센터표준데이터_utf8.csv,치매예방
P0214,"치매조기검진(선별,진단,감별검사)",,전국치매센터표준데이터_utf8.csv,"치매조기검진(선별,진단,감별검사)"
P0215,치매환자등록관리,,전국치매센터표준데이터_utf8.csv,치매환자등록관리
P0216,치매안심마을 만들기,,전국치매센터표준데이터_utf8.csv,치매안심마을 만들기
P0217,공공후견인사업운영,,전국치매센터표준데이터_utf8.csv,공공후견인사업운영
P0218,"치매예방교실 운영(미술활동, 치매예방운동, 보드게임,한지공예,원예교실 등)",,전국치매센터표준데이터_utf8.csv,"치매예방교실 운영(미술활동, 치매예방운동, 보드게임,한지공예,원예교실 등)"
P0219,"가족힐링프로그램(드라이플라워, 자조모임 등)",,전국치매센터표준데이터_utf8.csv,"가족힐링프로그램(드라이플라워, 자조모임 등)"
P0220,"쉼터운영(운동치료,요리치료,미술치료,음악치료,감각활동,전산화인지재활,인지카드학습)",,전국치매센터표준데이터_utf8.csv,"쉼터운영(운동치료,요리치료,미술치료,음악치료,감각활동,전산화인지재활,인지카드학습)"
P0221,치매인식개선 및 홍보 사업,,전국치매센터표준데이터_utf8.csv,치매인식개선 및 홍보 사업
P0222,치매파트너 양성사업 등,,전국치매센터표준데이터_utf8.csv,치매파트너 양성사업 등
P0223,인지프로그램,,전국치매센터표준데이터_utf8.csv,인지프로그램
P0224,가족지원사업,,전국치매센터표준데이터_utf8.csv,가족지원사업
P0225,인식개선 등,,전국치매센터표준데이터_utf8.csv,인식개선 등
P0226,"치매조기검진, 치매인식개선, 치매환자보호자 등록관리",,전국치매센터표준데이터_utf8.csv,"치매조기검진, 치매인식개선, 치매환자보호자 등록관리"
P0227,치매예방관리(조기검진,,전국치매센터표준데이터_utf8.csv,치매예방관리(조기검진
P0228,예방교육,,전국치매센터표준데이터_utf8.csv,예방교육
P0229,인식개선),,전국치매센터표준데이터_utf8.csv,인식개선)
P0230,치매등록관리(상담,,전국치매센터표준데이터_utf8.csv,치매등록관리(상담
P0231,프로그램),,전국치매센터표준데이터_utf8.csv,프로그램)
P0232,인식표배부 등,,전국치매센터표준데이터_utf8.csv,인식표배부 등
P0233,치매환자맞춤형사례관리,,전국치매센터표준데이터_utf8.csv,치매환자맞춤형사례관리
P0234,치매인식개선홍보캠페인등,,전국치매센터표준데이터_utf8.csv,치매인식개선홍보캠페인등
P0235,"무료 치매검사, 치매 가족교육, 치매 예방교육, 치매 인지교실, 조호물품 제공 등",,전국치매센터표준데이터_utf8.csv,"무료 치매검사, 치매 가족교육, 치매 예방교육, 치매 인지교실, 조호물품 제공 등"
P0236,치매예방 및 인지강화 프로그램,,전국치매센터표준데이터_utf8.csv,치매예방 및 인지강화 프로그램
P0237,치매환자 조호물품 등 지원,,전국치매센터표준데이터_utf8.csv,치매환자 조호물품 등 지원
P0238,환자가족 상담 및 힐링프로그램 등,,전국치매센터표준데이터_utf8.csv,환자가족 상담 및 힐링프로그램 등
P0239,"상담, 등록,조기검진,1:1사례관리, 단기쉼터, 치매카페운영",,전국치매센터표준데이터_utf8.csv,"상담, 등록,조기검진,1:1사례관리, 단기쉼터, 치매카페운영"
P0240,치매환자 인지프로그램,,전국치매센터표준데이터_utf8.csv,치매환자 인지프로그램
P0241,상담 및 등록관리사업,,전국치매센터표준데이터_utf8.csv,상담 및 등록관리사업
P0242,쉼터운영사업,,전국치매센터표준데이터_utf8.csv,쉼터운영사업
P0243,치매인식개선홍보사업,,전국치매센터표준데이터_utf8.csv,치매인식개선홍보사업
P0244,"치매예방 및 인지강화 프로그램, 돌봄 쉼터, 가족교실, 힐링프로그램, 가족 자조모임 운영",,전국치매센터표준데이터_utf8.csv,"치매예방 및 인지강화 프로그램, 돌봄 쉼터, 가족교실, 힐링프로그램, 가족 자조모임 운영"
P0245,교육지원,,전국치매센터표준데이터_utf8.csv,교육지원
P0246,무료치매선별검사,,전국치매센터표준데이터_utf8.csv,무료치매선별검사
P0247,치매예방 인지건강프로그램,,전국치매센터표준데이터_utf8.csv,치매예방 인지건강프로그램
P0248,치매예방 가족교육,,전국치매센터표준데이터_utf8.csv,치매예방 가족교육
P0249,치매 기획,,전국치매센터표준데이터_utf8.csv,치매 기획
P0250,연구,,전국치매센터표준데이터_utf8.csv,연구
P0251,교육,,전국치매센터표준데이터_utf8.csv,교육
P0252,기술지원사업(광역),,전국치매센터표준데이터_utf8.csv,기술지원사업(광역)
P0253,인지강화 및 치매예방교실,,전국치매센터표준데이터_utf8.csv,인지강화 및 치매예방교실
P0254,단기쉼터운영,,전국치매센터표준데이터_utf8.csv,단기쉼터운영
P0255,치매파트너 및 파트너플러스 양성,,전국치매센터표준데이터_utf8.csv,치매파트너 및 파트너플러스 양성
P0256,치매가족지지프로그램,,전국치매센터표준데이터_utf8.csv,치매가족지지프로그램
P0257,인식강화 등,,전국치매센터표준데이터_utf8.csv,인식강화 등
P0258,등록관리,,전국치매센터표준데이터_utf8.csv,등록관리
P0259,실종예방지원,,전국치매센터표준데이터_utf8.csv,실종예방지원
P0260,인식개선사업,,전국치매센터표준데이터_utf8.csv,인식개선사업
P0261,조호물품 및 치매치료관리비 지원,,전국치매센터표준데이터_utf8.csv,조호물품 및 치매치료관리비 지원
P0262,치매파트너교육,,전국치매센터표준데이터_utf8.csv,치매파트너교육
P0263,치매공공후견인 발굴,,전국치매센터표준데이터_utf8.csv,치매공공후견인 발굴
P0264,치매안심마을,,전국치매센터표준데이터_utf8.csv,치매안심마을
P0265,고위험군 인지강화교실 운영 등,,전국치매센터표준데이터_utf8.csv,고위험군 인지강화교실 운영 등
P0266,치매극복의날 기념행사,,전국치매센터표준데이터_utf8.csv,치매극복의날 기념행사
P0267,치매서포터즈양성,,전국치매센터표준데이터_utf8.csv,치매서포터즈양성
P0268,치매안심마을 운영,,전국치매센터표준데이터_utf8.csv,치매안심마을 운영
P0269,치매인지프로그램운영 등,,전국치매센터표준데이터_utf8.csv,치매인지프로그램운영 등
P0270,치매예방교실 등 치매 예방관리 통합서비스 제공,,전국치매센터표준데이터_utf8.csv,치매예방교실 등 치매 예방관리 통합서비스 제공
P0271,치매쉼터 운영,,전국치매센터표준데이터_utf8.csv,치매쉼터 운영
P0272,가족카페 운영,,전국치매센터표준데이터_utf8.csv,가족카페 운영
P0273,치매환자지원서비스,,전국치매센터표준데이터_utf8.csv,치매환자지원서비스
P0274,무료 치매검사,,전국치매센터표준데이터_utf8.csv,무료 치매검사
P0275,치매가족지원프로그램,,전국치매센터표준데이터_utf8.csv,치매가족지원프로그램
P0276,치매환자 실종예방,,전국치매센터표준데이터_utf8.csv,치매환자 실종예방
P0277,치매 인식개선,,전국치매센터표준데이터_utf8.csv,치매 인식개선
P0278,치매예방 및 인지저하 프로그램,,전국치매센터표준데이터_utf8.csv,치매예방 및 인지저하 프로그램
P0279,치매극복 선도학교 운영,,전국치매센터표준데이터_utf8.csv,치매극복 선도학교 운영
P0280,치매치료관리비,,전국치매센터표준데이터_utf8.csv,치매치료관리비
P0281,치매공공후견인,,전국치매센터표준데이터_utf8.csv,치매공공후견인
P0282,조호물품제공,,전국치매센터표준데이터_utf8.csv,조호물품제공
P0283,"치매조기검사(선별검사,진단검사,감별검사)",,전국치매센터표준데이터_utf8.csv,"치매조기검사(선별검사,진단검사,감별검사)"
P0284,인지강화프로그램,,전국치매센터표준데이터_utf8.csv,인지강화프로그램
P0285,치매환자및가족지원프로그램 등,,전국치매센터표준데이터_utf8.csv,치매환자및가족지원프로그램 등
P0286,치매의료비 및 검진비 지원,,전국치매센터표준데이터_utf8.csv,치매의료비 및 검진비 지원
P0287,치매환자쉼터 및 가족지원사업 등,,전국치매센터표준데이터_utf8.csv,치매환자쉼터 및 가족지원사업 등
P0288,환자등록,,전국치매센터표준데이터_utf8.csv,환자등록
P0289,맞춤형 사례관리,,전국치매센터표준데이터_utf8.csv,맞춤형 사례관리
P0290,가족교육,,전국치매센터표준데이터_utf8.csv,가족교육
P0291,실종예방 지문등록 및 배회인식표 발급 등,,전국치매센터표준데이터_utf8.csv,실종예방 지문등록 및 배회인식표 발급 등
P0292,치매환자 쉼터,,전국치매센터표준데이터_utf8.csv,치매환자 쉼터
P0293,치매가족지원사업,,전국치매센터표준데이터_utf8.csv,치매가족지원사업
P0294,치매약제비 지원,,전국치매센터표준데이터_utf8.csv,치매약제비 지원
P0295,조호용품등 지원,,전국치매센터표준데이터_utf8.csv,조호용품등 지원
P0296,치매환자지원사업 등,,전국치매센터표준데이터_utf8.csv,치매환자지원사업 등
P0297,예방프로그램,,전국치매센터표준데이터_utf8.csv,예방프로그램
P0298,치매예방관리사업 등,,전국치매센터표준데이터_utf8.csv,치매예방관리사업 등
P0299,치매조기검사,,전국치매센터표준데이터_utf8.csv,치매조기검사
P0300,가족헤아림교실,,전국치매센터표준데이터_utf8.csv,가족헤아림교실
P0301,치매안심마을운영 등,,전국치매센터표준데이터_utf8.csv,치매안심마을운영 등
P0302,쉼터 운영,,전국치매센터표준데이터_utf8.csv,쉼터 운영
P0303,가족교실,,전국치매센터표준데이터_utf8.csv,가족교실
P0304,인지강화교육,,전국치매센터표준데이터_utf8.csv,인지강화교육
P0305,치매 치료비지원,,전국치매센터표준데이터_utf8.csv,치매 치료비지원
P0306,실종예방GPS 및 가스안심콕 제공,,전국치매센터표준데이터_utf8.csv,실종예방GPS 및 가스안심콕 제공
P0307,재가치매환자 조호물품 지원,,전국치매센터표준데이터_utf8.csv,재가치매환자 조호물품 지원
P0308,치매 극복의 날 기념행사 등,,전국치매센터표준데이터_utf8.csv,치매 극복의 날 기념행사 등
P0309,치매치료관리비지원사업,,전국치매센터표준데이터_utf8.csv,치매치료관리비지원사업
P0310,치매쉼터프로그램운영,,전국치매센터표준데이터_utf8.csv,치매쉼터프로그램운영
P0311,치매환자가족(헤아림) 교육 및 자조모임운영,,전국치매센터표준데이터_utf8.csv,치매환자가족(헤아림) 교육 및 자조모임운영
P0312,치매예방 홍보 교육 및 캠페인,,전국치매센터표준데이터_utf8.csv,치매예방 홍보 교육 및 캠페인
P0313,치매파트너 모집,,전국치매센터표준데이터_utf8.csv,치매파트너 모집
P0314,치매관련 정보제공,,전국치매센터표준데이터_utf8.csv,치매관련 정보제공
P0315,치매환자 배회인식표 제공,,전국치매센터표준데이터_utf8.csv,치매환자 배회인식표 제공
P0316,자원연계,,전국치매센터표준데이터_utf8.csv,자원연계
P0317,치매인식개선 및 예방,,전국치매센터표준데이터_utf8.csv,치매인식개선 및 예방
P0318,치매환자 프로그램,,전국치매센터표준데이터_utf8.csv,치매환자 프로그램
P0319,치매예방교육 및 인지재활,,전국치매센터표준데이터_utf8.csv,치매예방교육 및 인지재활
P0320,가족프로그램 운영 등,,전국치매센터표준데이터_utf8.csv,가족프로그램 운영 등
P0321,치매인지강화 프로그램,,전국치매센터표준데이터_utf8.csv,치매인지강화 프로그램
P0322,"치매상담 및 등록관리사업, 치매조기검진, 예방관리사업 등",,전국치매센터표준데이터_utf8.csv,"치매상담 및 등록관리사업, 치매조기검진, 예방관리사업 등"
P0323,치매인식개선 및 예방사업,,전국치매센터표준데이터_utf8.csv,치매인식개선 및 예방사업
P0324,가족교육사업,,전국치매센터표준데이터_utf8.csv,가족교육사업
P0325,맞춤형 사례관리사업,,전국치매센터표준데이터_utf8.csv,맞춤형 사례관리사업
P0326,예방관리,,전국치매센터표준데이터_utf8.csv,예방관리
P0327,인식개선 및 홍보,,전국치매센터표준데이터_utf8.csv,인식개선 및 홍보
P0328,가족지지,,전국치매센터표준데이터_utf8.csv,가족지지
P0329,인지재활 등,,전국치매센터표준데이터_utf8.csv,인지재활 등
P0330,조기검진 및 상담,,전국치매센터표준데이터_utf8.csv,조기검진 및 상담
P0331,치매환자교실운영,,전국치매센터표준데이터_utf8.csv,치매환자교실운영
P0332,치매가족교실운영,,전국치매센터표준데이터_utf8.csv,치매가족교실운영
P0333,가족카페운영,,전국치매센터표준데이터_utf8.csv,가족카페운영
P0334,치매환자 쉼터 운영 등,,전국치매센터표준데이터_utf8.csv,치매환자 쉼터 운영 등
P0335,어울림 쉼터 인지재활 프로그램,,전국치매센터표준데이터_utf8.csv,어울림 쉼터 인지재활 프로그램
P0336,경로당 치매예방 프로그램,,전국치매센터표준데이터_utf8.csv,경로당 치매예방 프로그램
P0337,치매가족  헤아림 프로그램,,전국치매센터표준데이터_utf8.csv,치매가족  헤아림 프로그램
P0338,치매가족 헤아림 교육,,전국치매센터표준데이터_utf8.csv,치매가족 헤아림 교육
P0339,자조모임 사랑회 운영,,전국치매센터표준데이터_utf8.csv,자조모임 사랑회 운영
P0340,치매 검진,,전국치매센터표준데이터_utf8.csv,치매 검진
P0341,치매환자 등록관리/인지재활 프로그램/쉼터 프로그램,,전국치매센터표준데이터_utf8.csv,치매환자 등록관리/인지재활 프로그램/쉼터 프로그램
P0342,치매극복의 날 기념행사,,전국치매센터표준데이터_utf8.csv,치매극복의 날 기념행사
P0343,인지재활 프로그램,,전국치매센터표준데이터_utf8.csv,인지재활 프로그램
P0344,치매극복주간 기념행사(인식개선 캠페인 등) 제공 등,,전국치매센터표준데이터_utf8.csv,치매극복주간 기념행사(인식개선 캠페인 등) 제공 등
P0345,"치매조기검사  및 환자 등록, 맞춤형사례관리, 교육프로그램 운영등",,전국치매센터표준데이터_utf8.csv,"치매조기검사  및 환자 등록, 맞춤형사례관리, 교육프로그램 운영등"
P0346,경증치매환자단기쉼터운영,,전국치매센터표준데이터_utf8.csv,경증치매환자단기쉼터운영
P0347,정상군 치매예방교실,,전국치매센터표준데이터_utf8.csv,정상군 치매예방교실
P0348,치매고위험군 인지강화교실,,전국치매센터표준데이터_utf8.csv,치매고위험군 인지강화교실
P0349,기타 치매환자 조호물품,,전국치매센터표준데이터_utf8.csv,기타 치매환자 조호물품
P0350,치매치료관리지지원,,전국치매센터표준데이터_utf8.csv,치매치료관리지지원
P0351,실종예방사업,,전국치매센터표준데이터_utf8.csv,실종예방사업
P0352,치매상담 및 등록,,전국치매센터표준데이터_utf8.csv,치매상담 및 등록
P0353,치매어르신쉼터프로그램,,전국치매센터표준데이터_utf8.csv,치매어르신쉼터프로그램
P0354,농촌치유프로그램,,전국치매센터표준데이터_utf8.csv,농촌치유프로그램
P0355,치매조기검진 및 진단검사,,전국치매센터표준데이터_utf8.csv,치매조기검진 및 진단검사
P0356,치매예방교실프로그램,,전국치매센터표준데이터_utf8.csv,치매예방교실프로그램
P0357,찾아가는경노당프로그램,,전국치매센터표준데이터_utf8.csv,찾아가는경노당프로그램
P0358,분소운영,,전국치매센터표준데이터_utf8.csv,분소운영
P0359,치매안심마을프로그램,,전국치매센터표준데이터_utf8.csv,치매안심마을프로그램
P0360,치매인식개선캠페인 및 파트너양성교육,,전국치매센터표준데이터_utf8.csv,치매인식개선캠페인 및 파트너양성교육
P0361,치매실종예방교실,,전국치매센터표준데이터_utf8.csv,치매실종예방교실
P0362,무료 조기검진,,전국치매센터표준데이터_utf8.csv,무료 조기검진
P0363,정밀검진비 지원,,전국치매센터표준데이터_utf8.csv,정밀검진비 지원
P0364,치매환자 치료비(약제비) 지원,,전국치매센터표준데이터_utf8.csv,치매환자 치료비(약제비) 지원
P0365,"조호물품(기저귀,물티슈) 지원",,전국치매센터표준데이터_utf8.csv,"조호물품(기저귀,물티슈) 지원"
P0366,인식표 제공,,전국치매센터표준데이터_utf8.csv,인식표 제공
P0367,배회감지기 지원,,전국치매센터표준데이터_utf8.csv,배회감지기 지원
P0368,치매환자 단기쉼터 운영,,전국치매센터표준데이터_utf8.csv,치매환자 단기쉼터 운영
P0369,치매환자 및 가족 지원,,전국치매센터표준데이터_utf8.csv,치매환자 및 가족 지원
P0370,상담 및 교육,,전국치매센터표준데이터_utf8.csv,상담 및 교육
P0371,치매 극복의날 행사,,전국치매센터표준데이터_utf8.csv,치매 극복의날 행사
P0372,환자쉼터,,전국치매센터표준데이터_utf8.csv,환자쉼터
P0373,치매환자 가족 지지모임,,전국치매센터표준데이터_utf8.csv,치매환자 가족 지지모임
P0374,"치매조기검진(선별, 진단, 감별검사)",,전국치매센터표준데이터_utf8.csv,"치매조기검진(선별, 진단, 감별검사)"
P0375,"환자 지원서비스(치료관리비, 조호물품제공)",,전국치매센터표준데이터_utf8.csv,"환자 지원서비스(치료관리비, 조호물품제공)"
P0376,이동 조기검진,,전국치매센터표준데이터_utf8.csv,이동 조기검진
P0377,치매파트너 양성 및 플러스 활동,,전국치매센터표준데이터_utf8.csv,치매파트너 양성 및 플러스 활동
P0378,"실종예방지원서비스(인식표, 배회감지기, 지문사진등록사업) 등",,전국치매센터표준데이터_utf8.csv,"실종예방지원서비스(인식표, 배회감지기, 지문사진등록사업) 등"
P0379,치매환자 쉼터프로그램,,전국치매센터표준데이터_utf8.csv,치매환자 쉼터프로그램
P0380,치매가족헤아림프로그램,,전국치매센터표준데이터_utf8.csv,치매가족헤아림프로그램
P0381,치매재가환자방문인지재활프로그램,,전국치매센터표준데이터_utf8.csv,치매재가환자방문인지재활프로그램
P0382,무료 치매조기검진,,전국치매센터표준데이터_utf8.csv,무료 치매조기검진
P0383,치매환자 및 가족 지원 프로그램,,전국치매센터표준데이터_utf8.csv,치매환자 및 가족 지원 프로그램
P0384,치매환자 치료비 지원,,전국치매센터표준데이터_utf8.csv,치매환자 치료비 지원
P0385,치매환자 돌봄 물품지원,,전국치매센터표준데이터_utf8.csv,치매환자 돌봄 물품지원
P0386,원격진료,,전국치매센터표준데이터_utf8.csv,원격진료
P0387,주간재활프로그램 운영,,전국치매센터표준데이터_utf8.csv,주간재활프로그램 운영
P0388,치매진단검사,,전국치매센터표준데이터_utf8.csv,치매진단검사
P0389,인지교실 등,,전국치매센터표준데이터_utf8.csv,인지교실 등
P0390,인지재활,,전국치매센터표준데이터_utf8.csv,인지재활
P0391,치매환자 및 가족지원사업,,전국치매센터표준데이터_utf8.csv,치매환자 및 가족지원사업
P0392,치매인식개선 홍보 및 교육,,전국치매센터표준데이터_utf8.csv,치매인식개선 홍보 및 교육
P0393,치매예방 및 관리 프로그램 운영 등,,전국치매센터표준데이터_utf8.csv,치매예방 및 관리 프로그램 운영 등
P0394,"치매조기검진, 치매예방 및 인지강화 프로그램, 치매환자지원(쉼터, 치료비, 조호물품 등), 치매인식개선홍보 및 치매파트너 양성 등",,전국치매센터표준데이터_utf8.csv,"치매조기검진, 치매예방 및 인지강화 프로그램, 치매환자지원(쉼터, 치료비, 조호물품 등), 치매인식개선홍보 및 치매파트너 양성 등"
P0395,치매 기억력 검진,,전국치매센터표준데이터_utf8.csv,치매 기억력 검진
P0396,치매환자 가족교실,,전국치매센터표준데이터_utf8.csv,치매환자 가족교실
P0397,치매 예방교육,,전국치매센터표준데이터_utf8.csv,치매 예방교육
P0398,치매안심마을 조성,,전국치매센터표준데이터_utf8.csv,치매안심마을 조성
P0399,치매극복의 날 행사,,전국치매센터표준데이터_utf8.csv,치매극복의 날 행사
P0400,치매예방수칙 및 예방운동 알림,,전국치매센터표준데이터_utf8.csv,치매예방수칙 및 예방운동 알림
P0401,치메안심마을,,전국치매센터표준데이터_utf8.csv,치메안심마을
P0402,치매안심등불,,전국치매센터표준데이터_utf8.csv,치매안심등불
P0403,찾아가는 기억지키미 운영 등,,전국치매센터표준데이터_utf8.csv,찾아가는 기억지키미 운영 등
P0404,"치매조기검진,맞춤형사례관리,치매환자쉼터운영,가족교실운영,치매예방프로그램운영",,전국치매센터표준데이터_utf8.csv,"치매조기검진,맞춤형사례관리,치매환자쉼터운영,가족교실운영,치매예방프로그램운영"
P0405,치매노인 지문등록,,전국치매센터표준데이터_utf8.csv,치매노인 지문등록
P0406,조호물품(위생물품) 제공,,전국치매센터표준데이터_utf8.csv,조호물품(위생물품) 제공
P0407,기타 인지자극 프로그램,,전국치매센터표준데이터_utf8.csv,기타 인지자극 프로그램
P0408,헤아림 가족교실,,전국치매센터표준데이터_utf8.csv,헤아림 가족교실
P0409,치매가족 힐링 프로그램,,전국치매센터표준데이터_utf8.csv,치매가족 힐링 프로그램
P0410,치매공공후견 사업,,전국치매센터표준데이터_utf8.csv,치매공공후견 사업
P0411,치매어르신주간보호소 운영(위탁),,전국치매센터표준데이터_utf8.csv,치매어르신주간보호소 운영(위탁)
P0412,치매인식 개선과 교육 및 홍보 사업,,전국치매센터표준데이터_utf8.csv,치매인식 개선과 교육 및 홍보 사업
P0413,배회가능 어르신 인식표 발급 및 GPS 운영,,전국치매센터표준데이터_utf8.csv,배회가능 어르신 인식표 발급 및 GPS 운영
P0414,치매주간보호센터 운영 등,,전국치매센터표준데이터_utf8.csv,치매주간보호센터 운영 등
P0415,치매환자 가족교실 및 자조모임,,전국치매센터표준데이터_utf8.csv,치매환자 가족교실 및 자조모임
P0416,치매환자 쉼터운영 등,,전국치매센터표준데이터_utf8.csv,치매환자 쉼터운영 등
P0417,"치매 상담 및 등록관리 사업, 치매 조기검진 사업, 치매 예방관리 사업, 치매환자 관리 지원사업, 치매 가족 및 보호자 지원사업, 치매인식개선 및 교육홍보 사업, 치매안심마을 운영, 치매 주간보호소 운영",,전국치매센터표준데이터_utf8.csv,"치매 상담 및 등록관리 사업, 치매 조기검진 사업, 치매 예방관리 사업, 치매환자 관리 지원사업, 치매 가족 및 보호자 지원사업, 치매인식개선 및 교육홍보 사업, 치매안심마을 운영, 치매 주간보호소 운영"
P0418,건강체조,,전국치매센터표준데이터_utf8.csv,건강체조
P0419,공예,,전국치매센터표준데이터_utf8.csv,공예
P0420,웃음치료,,전국치매센터표준데이터_utf8.csv,웃음치료
P0421,노래교실,,전국치매센터표준데이터_utf8.csv,노래교실
P0422,요리 등,,전국치매센터표준데이터_utf8.csv,요리 등
P0423,치매노인 등록 및 관리,,전국치매센터표준데이터_utf8.csv,치매노인 등록 및 관리
P0424,치매노인 및 보호자에 대한 상담 지원,,전국치매센터표준데이터_utf8.csv,치매노인 및 보호자에 대한 상담 지원
P0425,치매치료관리비 지원 및 치매환자 사례관리,,전국치매센터표준데이터_utf8.csv,치매치료관리비 지원 및 치매환자 사례관리
P0426,치매인지재활 프로그램,,전국치매센터표준데이터_utf8.csv,치매인지재활 프로그램
P0427,치매가족교실 및 자조모임 등,,전국치매센터표준데이터_utf8.csv,치매가족교실 및 자조모임 등
P0428,치매안심센터프로그램 운영,,전국치매센터표준데이터_utf8.csv,치매안심센터프로그램 운영
P0429,치매환자 맞춤형 사례관리,,전국치매센터표준데이터_utf8.csv,치매환자 맞춤형 사례관리
P0430,치매환자 조호물품 및 치매치료관리비 지원,,전국치매센터표준데이터_utf8.csv,치매환자 조호물품 및 치매치료관리비 지원
P0431,치매치료비지원사업,,전국치매센터표준데이터_utf8.csv,치매치료비지원사업
P0432,쉼터운영(인지재활,,전국치매센터표준데이터_utf8.csv,쉼터운영(인지재활
P0433,인지강화,,전국치매센터표준데이터_utf8.csv,인지강화
P0434,치매예방프로그램),,전국치매센터표준데이터_utf8.csv,치매예방프로그램)
P0435,기억이음 청춘학교,,전국치매센터표준데이터_utf8.csv,기억이음 청춘학교
P0436,치매자조모임,,전국치매센터표준데이터_utf8.csv,치매자조모임
P0437,인지선별검사,,전국치매센터표준데이터_utf8.csv,인지선별검사
P0438,치매인식개선활동,,전국치매센터표준데이터_utf8.csv,치매인식개선활동
P0439,치매프로그램운영,,전국치매센터표준데이터_utf8.csv,치매프로그램운영
P0440,등록,,전국치매센터표준데이터_utf8.csv,등록
P0441,강화프로그램,,전국치매센터표준데이터_utf8.csv,강화프로그램
P0442,인지증진 재활 프로그램,,전국치매센터표준데이터_utf8.csv,인지증진 재활 프로그램
P0443,가족지원프로그램 등,,전국치매센터표준데이터_utf8.csv,가족지원프로그램 등
P0444,"무료치매검사, 치매환자쉼터운영,치매예방 및 인지강화프로그램 운영 등",,전국치매센터표준데이터_utf8.csv,"무료치매검사, 치매환자쉼터운영,치매예방 및 인지강화프로그램 운영 등"
P0445,"인지재활프로그램, 인지강화프로그램, 쉼터카페제공,치매치료비지원, 치매선별검사 및 진단검사 등",,전국치매센터표준데이터_utf8.csv,"인지재활프로그램, 인지강화프로그램, 쉼터카페제공,치매치료비지원, 치매선별검사 및 진단검사 등"
P0446,치매인식 개선 및 예방사업,,전국치매센터표준데이터_utf8.csv,치매인식 개선 및 예방사업
P0447,치매 극복의 날 기념행사,,전국치매센터표준데이터_utf8.csv,치매 극복의 날 기념행사
P0448,치매안심마을 운영 등,,전국치매센터표준데이터_utf8.csv,치매안심마을 운영 등
P0449,쉼터 운영 등,,전국치매센터표준데이터_utf8.csv,쉼터 운영 등
P0450,찾아가는 경로당 치매예방교실,,전국치매센터표준데이터_utf8.csv,찾아가는 경로당 치매예방교실
P0451,치매고위험군 인지증진프로그램,,전국치매센터표준데이터_utf8.csv,치매고위험군 인지증진프로그램
P0452,치매가족지지 프로그램 헤아림,,전국치매센터표준데이터_utf8.csv,치매가족지지 프로그램 헤아림
P0453,치매파트너 등,,전국치매센터표준데이터_utf8.csv,치매파트너 등
P0454,치매치료비 지원 사업,,전국치매센터표준데이터_utf8.csv,치매치료비 지원 사업
P0455,인지증진프로그램,,전국치매센터표준데이터_utf8.csv,인지증진프로그램
P0456,치매환자 가족지지모임 등,,전국치매센터표준데이터_utf8.csv,치매환자 가족지지모임 등
P0457,쉼터 및 가족지원사업,,전국치매센터표준데이터_utf8.csv,쉼터 및 가족지원사업
P0458,치매환자 맞춤형 집중 사례관리,,전국치매센터표준데이터_utf8.csv,치매환자 맞춤형 집중 사례관리
P0459,치매환자 배회감지기 지원사업,,전국치매센터표준데이터_utf8.csv,치매환자 배회감지기 지원사업
P0460,상담 등록서비스,,전국치매센터표준데이터_utf8.csv,상담 등록서비스
P0461,치매조기검진서비스,,전국치매센터표준데이터_utf8.csv,치매조기검진서비스
P0462,맞춤형 사례관리 서비스,,전국치매센터표준데이터_utf8.csv,맞춤형 사례관리 서비스
P0463,치매환자 쉼터 프로그램 운영,,전국치매센터표준데이터_utf8.csv,치매환자 쉼터 프로그램 운영
P0464,치매환자 가족지원서비스,,전국치매센터표준데이터_utf8.csv,치매환자 가족지원서비스
P0465,"치매환자 등록관리, 인지재활프로그램,가정방문사례관리 등",,전국치매센터표준데이터_utf8.csv,"치매환자 등록관리, 인지재활프로그램,가정방문사례관리 등"
P0466,치매 예방프로그램,,전국치매센터표준데이터_utf8.csv,치매 예방프로그램
P0467,치매의료비지원,,전국치매센터표준데이터_utf8.csv,치매의료비지원
P0468,한마음 치매극복 걷기대회,,전국치매센터표준데이터_utf8.csv,한마음 치매극복 걷기대회
P0469,치매환자 및 가족 프로그램,,전국치매센터표준데이터_utf8.csv,치매환자 및 가족 프로그램
P0470,치매공공후견인사업,,전국치매센터표준데이터_utf8.csv,치매공공후견인사업
P0471,치매극복선도단체,,전국치매센터표준데이터_utf8.csv,치매극복선도단체
P0472,맞춤형 돌봄 사례 등관리,,전국치매센터표준데이터_utf8.csv,맞춤형 돌봄 사례 등관리
P0473,치매관리,,전국치매센터표준데이터_utf8.csv,치매관리
P0474,등록관라,,전국치매센터표준데이터_utf8.csv,등록관라
P0475,예방,,전국치매센터표준데이터_utf8.csv,예방
P0476,치매가족자조모임,,전국치매센터표준데이터_utf8.csv,치매가족자조모임
P0477,치매쉼터프로그램,,전국치매센터표준데이터_utf8.csv,치매쉼터프로그램
P0478,인지강화 교실,,전국치매센터표준데이터_utf8.csv,인지강화 교실
P0479,치매 예방 프로그램,,전국치매센터표준데이터_utf8.csv,치매 예방 프로그램
P0480,치매환자 가족 교실 운영,,전국치매센터표준데이터_utf8.csv,치매환자 가족 교실 운영
P0481,치매인식개선교육 등,,전국치매센터표준데이터_utf8.csv,치매인식개선교육 등
P0482,치매등록,,전국치매센터표준데이터_utf8.csv,치매등록
P0483,치매선별검사(MMSE-DS),,전국치매센터표준데이터_utf8.csv,치매선별검사(MMSE-DS)
P0484,치매조기검진비 지원,,전국치매센터표준데이터_utf8.csv,치매조기검진비 지원
P0485,치매실종예방서비스 지원,,전국치매센터표준데이터_utf8.csv,치매실종예방서비스 지원
P0486,치매파트너모집,,전국치매센터표준데이터_utf8.csv,치매파트너모집
P0487,치매환자가족프로그램,,전국치매센터표준데이터_utf8.csv,치매환자가족프로그램
P0488,치료관리비 및 검사비 지원,,전국치매센터표준데이터_utf8.csv,치료관리비 및 검사비 지원
P0489,치매환자가족모임 운영,,전국치매센터표준데이터_utf8.csv,치매환자가족모임 운영
P0490,사례관리 등,,전국치매센터표준데이터_utf8.csv,사례관리 등
P0491,안심마을,,전국치매센터표준데이터_utf8.csv,안심마을
P0492,치료비 지원,,전국치매센터표준데이터_utf8.csv,치료비 지원
P0493,"치매상담 및 등록관리사업, 치매조기검진사업, 치매검사비 자원, 치매예방관리사업, 치매환자쉼터, 배회가능 어르신 인식표 보급 사업, 치매치료관리비 지원, 조호물품 제공, 치매가족 및 보호자 지원사업, 치매인식개선사업, 치매파트너 사업, 치매안심마을 운영",,전국치매센터표준데이터_utf8.csv,"치매상담 및 등록관리사업, 치매조기검진사업, 치매검사비 자원, 치매예방관리사업, 치매환자쉼터, 배회가능 어르신 인식표 보급 사업, 치매치료관리비 지원, 조호물품 제공, 치매가족 및 보호자 지원사업, 치매인식개선사업, 치매파트너 사업, 치매안심마을 운영"
P0494,예방교실 운영,,전국치매센터표준데이터_utf8.csv,예방교실 운영
P0495,치매예방 등 프로그램,,전국치매센터표준데이터_utf8.csv,치매예방 등 프로그램
P0496,치매인지재활프로그램,,전국치매센터표준데이터_utf8.csv,치매인지재활프로그램
P0497,치매치료관리비 지원 등,,전국치매센터표준데이터_utf8.csv,치매치료관리비 지원 등
P0498,"치매선별검진, 우리마을 예쁜 치매쉼터",,전국치매센터표준데이터_utf8.csv,"치매선별검진, 우리마을 예쁜 치매쉼터"
P0499,치매관리사업기획교육사업진단 및 조호인프라 구축연구 및 지역특화사업대국민인식개선사업,,전국치매센터표준데이터_utf8.csv,치매관리사업기획교육사업진단 및 조호인프라 구축연구 및 지역특화사업대국민인식개선사업
P0500,치매극복의날기념행사,,전국치매센터표준데이터_utf8.csv,치매극복의날기념행사
P0501,치매홍보서포터즈 운영,,전국치매센터표준데이터_utf8.csv,치매홍보서포터즈 운영
P0502,인지향상프로그램,,전국치매센터표준데이터_utf8.csv,인지향상프로그램
P0503,가족자조모임,,전국치매센터표준데이터_utf8.csv,가족자조모임
P0504,힐링프로그램,,전국치매센터표준데이터_utf8.csv,힐링프로그램
P0505,우리마을예쁜치매쉼터,,전국치매센터표준데이터_utf8.csv,우리마을예쁜치매쉼터
P0506,치매안심마을 등,,전국치매센터표준데이터_utf8.csv,치매안심마을 등
P0507,치매조기검진사업 및 치매치료관리비지원사업 등,,전국치매센터표준데이터_utf8.csv,치매조기검진사업 및 치매치료관리비지원사업 등
P0508,치매쉼터운영,,전국치매센터표준데이터_utf8.csv,치매쉼터운영
P0509,치매보듬마을운영,,전국치매센터표준데이터_utf8.csv,치매보듬마을운영
P0510,치매조호물품지원,,전국치매센터표준데이터_utf8.csv,치매조호물품지원
P0511,실종노인 발생예방 및 찾기 사업,,전국치매센터표준데이터_utf8.csv,실종노인 발생예방 및 찾기 사업
P0512,치매환자 맞춤형 사례관리사업,,전국치매센터표준데이터_utf8.csv,치매환자 맞춤형 사례관리사업
P0513,배회가능 어르신 인식표 보급 사업,,전국치매센터표준데이터_utf8.csv,배회가능 어르신 인식표 보급 사업
P0514,치매파트너사업,,전국치매센터표준데이터_utf8.csv,치매파트너사업
P0515,치매안심센터 분소 설치 및 운영,,전국치매센터표준데이터_utf8.csv,치매안심센터 분소 설치 및 운영
P0516,치매환자 배회감지기 지원,,전국치매센터표준데이터_utf8.csv,치매환자 배회감지기 지원
P0517,치매환자쉼터(봉화,,전국치매센터표준데이터_utf8.csv,치매환자쉼터(봉화
P0518,춘양,,전국치매센터표준데이터_utf8.csv,춘양
P0519,재산,,전국치매센터표준데이터_utf8.csv,재산
P0520,명호) 운영,,전국치매센터표준데이터_utf8.csv,명호) 운영
P0521,치매보듬마을 조성사업,,전국치매센터표준데이터_utf8.csv,치매보듬마을 조성사업
P0522,치매인식개선 교육 및 홍보,,전국치매센터표준데이터_utf8.csv,치매인식개선 교육 및 홍보
P0523,치매선도학교 및 서포터즈 운영,,전국치매센터표준데이터_utf8.csv,치매선도학교 및 서포터즈 운영
P0524,치매보듬쉼터 운영,,전국치매센터표준데이터_utf8.csv,치매보듬쉼터 운영
P0525,치매예방 인지강화프로그램 운영,,전국치매센터표준데이터_utf8.csv,치매예방 인지강화프로그램 운영
P0526,치매안심병원 성과기반 인센티브 제공 시범사업 운영,,전국치매센터표준데이터_utf8.csv,치매안심병원 성과기반 인센티브 제공 시범사업 운영
P0527,산림농업 치유프로그램 연계사업 운영,,전국치매센터표준데이터_utf8.csv,산림농업 치유프로그램 연계사업 운영
P0528,치매통합관리서비스,,전국치매센터표준데이터_utf8.csv,치매통합관리서비스
P0529,인지강화및치매환자교실 운영 등,,전국치매센터표준데이터_utf8.csv,인지강화및치매환자교실 운영 등
P0530,치매쉼터,,전국치매센터표준데이터_utf8.csv,치매쉼터
P0531,치매홍보서포터즈 운영등,,전국치매센터표준데이터_utf8.csv,치매홍보서포터즈 운영등
P0532,치매조기검진 및 등록사업,,전국치매센터표준데이터_utf8.csv,치매조기검진 및 등록사업
P0533,치매환자쉼터 및 가족카페 운영,,전국치매센터표준데이터_utf8.csv,치매환자쉼터 및 가족카페 운영
P0534,치매인식개선 및 교육홍보,,전국치매센터표준데이터_utf8.csv,치매인식개선 및 교육홍보
P0535,치매어르신 실종예방 사업 등,,전국치매센터표준데이터_utf8.csv,치매어르신 실종예방 사업 등
P0536,치매상담등록,,전국치매센터표준데이터_utf8.csv,치매상담등록
P0537,쉼터지원 및 가족지원,,전국치매센터표준데이터_utf8.csv,쉼터지원 및 가족지원
P0538,인식개선 홍보 등,,전국치매센터표준데이터_utf8.csv,인식개선 홍보 등
P0539,치매예방홍보,,전국치매센터표준데이터_utf8.csv,치매예방홍보
P0540,치매서포터즈운영,,전국치매센터표준데이터_utf8.csv,치매서포터즈운영
P0541,예방프로그램 운영,,전국치매센터표준데이터_utf8.csv,예방프로그램 운영
P0542,인지강화프로그램 운영,,전국치매센터표준데이터_utf8.csv,인지강화프로그램 운영
P0543,치매환자프로그램 운영,,전국치매센터표준데이터_utf8.csv,치매환자프로그램 운영
P0544,치매대상자 사례관리,,전국치매센터표준데이터_utf8.csv,치매대상자 사례관리
P0545,치매대상자 실종예방 배회인식표 발급 및 지문등록,,전국치매센터표준데이터_utf8.csv,치매대상자 실종예방 배회인식표 발급 및 지문등록
P0546,치매서포터즈 및 치매극복선도단체 양성,,전국치매센터표준데이터_utf8.csv,치매서포터즈 및 치매극복선도단체 양성
P0547,치매보듬마을 운영,,전국치매센터표준데이터_utf8.csv,치매보듬마을 운영
P0548,우리마을예쁜치매쉼터 운영,,전국치매센터표준데이터_utf8.csv,우리마을예쁜치매쉼터 운영
P0549,가족교실·자조모임운영,,전국치매센터표준데이터_utf8.csv,가족교실·자조모임운영
P0550,배회인식표 및 배회감지기 지원,,전국치매센터표준데이터_utf8.csv,배회인식표 및 배회감지기 지원
P0551,치매극복 캠페인 등,,전국치매센터표준데이터_utf8.csv,치매극복 캠페인 등
P0552,치매치매조기검진 및 대상자 등록관리,,전국치매센터표준데이터_utf8.csv,치매치매조기검진 및 대상자 등록관리
P0553,인지강화프로그램 및 치매가족프로그램 운영,,전국치매센터표준데이터_utf8.csv,인지강화프로그램 및 치매가족프로그램 운영
P0554,치매서포터즈 양성,,전국치매센터표준데이터_utf8.csv,치매서포터즈 양성
P0555,치매 가족 지원,,전국치매센터표준데이터_utf8.csv,치매 가족 지원
P0556,치매 인식 개선,,전국치매센터표준데이터_utf8.csv,치매 인식 개선
P0557,치매 파트너,,전국치매센터표준데이터_utf8.csv,치매 파트너
P0558,치매보듬마을 등,,전국치매센터표준데이터_utf8.csv,치매보듬마을 등
P0559,치매진단등록,,전국치매센터표준데이터_utf8.csv,치매진단등록
P0560,인지재활치료,,전국치매센터표준데이터_utf8.csv,인지재활치료
P0561,비약물치료,,전국치매센터표준데이터_utf8.csv,비약물치료
P0562,우리마을예쁜치매쉼터운영,,전국치매센터표준데이터_utf8.csv,우리마을예쁜치매쉼터운영
P0563,치매환자사례관리,,전국치매센터표준데이터_utf8.csv,치매환자사례관리
P0564,자조모임운영,,전국치매센터표준데이터_utf8.csv,자조모임운영
P0565,배회인식표 및 지문인기 등록,,전국치매센터표준데이터_utf8.csv,배회인식표 및 지문인기 등록
P0566,치매극복 전국걷기행사,,전국치매센터표준데이터_utf8.csv,치매극복 전국걷기행사
P0567,치매극복의날 기념 행사,,전국치매센터표준데이터_utf8.csv,치매극복의날 기념 행사
P0568,치매관사업 DB자료 등록 및 분석,,전국치매센터표준데이터_utf8.csv,치매관사업 DB자료 등록 및 분석
P0569,"치매검진, 맞춤형 사례관리, 예방 및 인지강화 프로그램, 가족지원 사업, 홍보 및 교육 등",,전국치매센터표준데이터_utf8.csv,"치매검진, 맞춤형 사례관리, 예방 및 인지강화 프로그램, 가족지원 사업, 홍보 및 교육 등"
P0570,치매환자 등록 및 관리,,전국치매센터표준데이터_utf8.csv,치매환자 등록 및 관리
P0571,치매예방교육 및 인식개선,,전국치매센터표준데이터_utf8.csv,치매예방교육 및 인식개선
P0572,치매가족교육 및 자조모임,,전국치매센터표준데이터_utf8.csv,치매가족교육 및 자조모임
P0573,치매환자 쉼터프로그램운영,,전국치매센터표준데이터_utf8.csv,치매환자 쉼터프로그램운영
P0574,치매환자 상담 및 등록 관리,,전국치매센터표준데이터_utf8.csv,치매환자 상담 및 등록 관리
P0575,치매 조기검진 및 진단,,전국치매센터표준데이터_utf8.csv,치매 조기검진 및 진단
P0576,치매환자 조호물품지원,,전국치매센터표준데이터_utf8.csv,치매환자 조호물품지원
P0577,노인성 질환자 위생용품 지원,,전국치매센터표준데이터_utf8.csv,노인성 질환자 위생용품 지원
P0578,치매 실종예방·배회감지기 지원,,전국치매센터표준데이터_utf8.csv,치매 실종예방·배회감지기 지원
P0579,치매 안심 프로그램 운영 치매파트너 양성,,전국치매센터표준데이터_utf8.csv,치매 안심 프로그램 운영 치매파트너 양성
P0580,치매극복 선도기관 지정,,전국치매센터표준데이터_utf8.csv,치매극복 선도기관 지정
P0581,치매환자 공공 후견 지원,,전국치매센터표준데이터_utf8.csv,치매환자 공공 후견 지원
P0582,인식개선 및 홍보 사업,,전국치매센터표준데이터_utf8.csv,인식개선 및 홍보 사업
P0583,치매예방교육 등,,전국치매센터표준데이터_utf8.csv,치매예방교육 등
P0584,검진비 지원,,전국치매센터표준데이터_utf8.csv,검진비 지원
P0585,치매환자 조호물품 제공,,전국치매센터표준데이터_utf8.csv,치매환자 조호물품 제공
P0586,치매환자 실종예방 사업,,전국치매센터표준데이터_utf8.csv,치매환자 실종예방 사업
P0587,치매환자 가족지원사업,,전국치매센터표준데이터_utf8.csv,치매환자 가족지원사업
P0588,인식개선 교육·홍보,,전국치매센터표준데이터_utf8.csv,인식개선 교육·홍보
P0589,치매환자 쉼터 운영 및 치매조기검진,,전국치매센터표준데이터_utf8.csv,치매환자 쉼터 운영 및 치매조기검진
P0590,치매인지재활,,전국치매센터표준데이터_utf8.csv,치매인지재활
P0591,치매가족모임,,전국치매센터표준데이터_utf8.csv,치매가족모임
P0592,"맞춤형 인지재활 프로그램, 치매환자가족교실, 치매파트너 등",,전국치매센터표준데이터_utf8.csv,"맞춤형 인지재활 프로그램, 치매환자가족교실, 치매파트너 등"
P0593,치매환자 쉼터 및 가족카페 운영,,전국치매센터표준데이터_utf8.csv,치매환자 쉼터 및 가족카페 운영
P0594,치매예방교실 운영,,전국치매센터표준데이터_utf8.csv,치매예방교실 운영
P0595,치매인식개선 사업,,전국치매센터표준데이터_utf8.csv,치매인식개선 사업
P0596,치매어르신 실종예방 사업,,전국치매센터표준데이터_utf8.csv,치매어르신 실종예방 사업
P0597,예방교실,,전국치매센터표준데이터_utf8.csv,예방교실
P0598,단기쉼터 및 치매 카페 운영,,전국치매센터표준데이터_utf8.csv,단기쉼터 및 치매 카페 운영
P0599,치매 인식개선 및 홍보,,전국치매센터표준데이터_utf8.csv,치매 인식개선 및 홍보
P0600,치매치료관리 지원 등,,전국치매센터표준데이터_utf8.csv,치매치료관리 지원 등
P0601,치매조기검진 및 예방 사업,,전국치매센터표준데이터_utf8.csv,치매조기검진 및 예방 사업
P0602,치매 환자 및 가족 지원 사업,,전국치매센터표준데이터_utf8.csv,치매 환자 및 가족 지원 사업
P0603,치매선별 및 진단검사,,전국치매센터표준데이터_utf8.csv,치매선별 및 진단검사
P0604,치매안심센터 쉼터운영,,전국치매센터표준데이터_utf8.csv,치매안심센터 쉼터운영
P0605,치매파트너,,전국치매센터표준데이터_utf8.csv,치매파트너
P0606,파트너플러스,,전국치매센터표준데이터_utf8.csv,파트너플러스
P0607,쉼터프로그램운영 등,,전국치매센터표준데이터_utf8.csv,쉼터프로그램운영 등
P0608,조기치매검진,,전국치매센터표준데이터_utf8.csv,조기치매검진
P0609,치매환자상담및등록관리고위험군집중검진및등록관리,,전국치매센터표준데이터_utf8.csv,치매환자상담및등록관리고위험군집중검진및등록관리
P0610,파트너선도단체양성,,전국치매센터표준데이터_utf8.csv,파트너선도단체양성
P0611,인식개선및홍보,,전국치매센터표준데이터_utf8.csv,인식개선및홍보
P0612,사례관리운영,,전국치매센터표준데이터_utf8.csv,사례관리운영
P0613,인지강화교실운영,,전국치매센터표준데이터_utf8.csv,인지강화교실운영
P0614,기족교실운영,,전국치매센터표준데이터_utf8.csv,기족교실운영
P0615,치매환자실종예방관리비지원,,전국치매센터표준데이터_utf8.csv,치매환자실종예방관리비지원
P0616,정밀진단비지원,,전국치매센터표준데이터_utf8.csv,정밀진단비지원
P0617,치매상담등록관리,,전국치매센터표준데이터_utf8.csv,치매상담등록관리
P0618,치매환자가족프로그램운영,,전국치매센터표준데이터_utf8.csv,치매환자가족프로그램운영
P0619,인지재활프로그램및치매쉼터운영,,전국치매센터표준데이터_utf8.csv,인지재활프로그램및치매쉼터운영
P0620,치매환자가족지원,,전국치매센터표준데이터_utf8.csv,치매환자가족지원
P0621,치매환자상담 및 등록관리,,전국치매센터표준데이터_utf8.csv,치매환자상담 및 등록관리
P0622,인지재활프로그램운영,,전국치매센터표준데이터_utf8.csv,인지재활프로그램운영
P0623,치매가족모임운영,,전국치매센터표준데이터_utf8.csv,치매가족모임운영
P0624,치매환자실종예방사업 등,,전국치매센터표준데이터_utf8.csv,치매환자실종예방사업 등
P0625,치매환자 가족교실 운영,,전국치매센터표준데이터_utf8.csv,치매환자 가족교실 운영
P0626,치매환자 등록 및 상담,,전국치매센터표준데이터_utf8.csv,치매환자 등록 및 상담
P0627,치매환자쉼터 및 예방교실,,전국치매센터표준데이터_utf8.csv,치매환자쉼터 및 예방교실
P0628,치매환자의 등록·관리,,전국치매센터표준데이터_utf8.csv,치매환자의 등록·관리
P0629,치매의 예방·교육 및 홍보,,전국치매센터표준데이터_utf8.csv,치매의 예방·교육 및 홍보
P0630,치매 인식개선 및 교육홍보,,전국치매센터표준데이터_utf8.csv,치매 인식개선 및 교육홍보
P0631,치매 공공 후견사업,,전국치매센터표준데이터_utf8.csv,치매 공공 후견사업
P0632,치매환자 신체활동 지원,,전국치매센터표준데이터_utf8.csv,치매환자 신체활동 지원
P0633,기능 회복훈련,,전국치매센터표준데이터_utf8.csv,기능 회복훈련
P0634,건강 및 간호관리,,전국치매센터표준데이터_utf8.csv,건강 및 간호관리
P0635,인지관리,,전국치매센터표준데이터_utf8.csv,인지관리
P0636,치매환자와 가족에 대한 교육 및 지원,,전국치매센터표준데이터_utf8.csv,치매환자와 가족에 대한 교육 및 지원
P0637,치매환자인지재활프로그램,,전국치매센터표준데이터_utf8.csv,치매환자인지재활프로그램
P0638,고위험군인지강화교실,,전국치매센터표준데이터_utf8.csv,고위험군인지강화교실
P0639,찾아가는경로당치매예방교실,,전국치매센터표준데이터_utf8.csv,찾아가는경로당치매예방교실
P0640,치매파트너및플러스사업,,전국치매센터표준데이터_utf8.csv,치매파트너및플러스사업
P0641,선별검사및진단검사,,전국치매센터표준데이터_utf8.csv,선별검사및진단검사
P0642,배회가능어르신인식표제공,,전국치매센터표준데이터_utf8.csv,배회가능어르신인식표제공
P0643,지문등사전등록,,전국치매센터표준데이터_utf8.csv,지문등사전등록
P0644,공공후견지원사업,,전국치매센터표준데이터_utf8.csv,공공후견지원사업
P0645,인식개선캠페인 등,,전국치매센터표준데이터_utf8.csv,인식개선캠페인 등
P0646,쉼터 운영사업,,전국치매센터표준데이터_utf8.csv,쉼터 운영사업
P0647,약제비지원,,전국치매센터표준데이터_utf8.csv,약제비지원
P0648,쉼터및가족카페운영,,전국치매센터표준데이터_utf8.csv,쉼터및가족카페운영
P0649,치매파트너양성,,전국치매센터표준데이터_utf8.csv,치매파트너양성
P0650,치매조기검진(선별,,전국치매센터표준데이터_utf8.csv,치매조기검진(선별
P0651,진단검사),,전국치매센터표준데이터_utf8.csv,진단검사)
P0652,프로그램운영,,전국치매센터표준데이터_utf8.csv,프로그램운영
P0653,치매예방 및 인지강화교실,,전국치매센터표준데이터_utf8.csv,치매예방 및 인지강화교실
P0654,상담등록관리 운영,,전국치매센터표준데이터_utf8.csv,상담등록관리 운영
P0655,치매치료관리비및검진비지원,,전국치매센터표준데이터_utf8.csv,치매치료관리비및검진비지원
P0656,치매환자쉼터및가족지원사업,,전국치매센터표준데이터_utf8.csv,치매환자쉼터및가족지원사업
P0657,치매파트너운영,,전국치매센터표준데이터_utf8.csv,치매파트너운영
P0658,돌봄재활사업,,전국치매센터표준데이터_utf8.csv,돌봄재활사업
P0659,등,,전국치매센터표준데이터_utf8.csv,등
P0660,치매인력전문화교육,,전국치매센터표준데이터_utf8.csv,치매인력전문화교육
P0661,치매극복의날기념식,,전국치매센터표준데이터_utf8.csv,치매극복의날기념식
P0662,치매극복걷기대회,,전국치매센터표준데이터_utf8.csv,치매극복걷기대회
P0663,치매특화사업개발,,전국치매센터표준데이터_utf8.csv,치매특화사업개발
P0664,치매연구조사,,전국치매센터표준데이터_utf8.csv,치매연구조사
P0665,인지프로그램운영,,전국치매센터표준데이터_utf8.csv,인지프로그램운영
P0666,치매가족지지프로그램 운영 등,,전국치매센터표준데이터_utf8.csv,치매가족지지프로그램 운영 등
P0667,치매가족프로그램 운영,,전국치매센터표준데이터_utf8.csv,치매가족프로그램 운영
P0668,치매예방교육 및 상담,,전국치매센터표준데이터_utf8.csv,치매예방교육 및 상담
P0669,치매보듬마을 조성,,전국치매센터표준데이터_utf8.csv,치매보듬마을 조성
P0670,치매환자 쉼터 운영사업,,전국치매센터표준데이터_utf8.csv,치매환자 쉼터 운영사업
P0671,치매조기검진 및 예방관리사업,,전국치매센터표준데이터_utf8.csv,치매조기검진 및 예방관리사업
P0672,치매가족 지원사업,,전국치매센터표준데이터_utf8.csv,치매가족 지원사업
P0673,치매인식개선 및 교육 홍보사업,,전국치매센터표준데이터_utf8.csv,치매인식개선 및 교육 홍보사업
P0674,치매예방프로그램 운영,,전국치매센터표준데이터_utf8.csv,치매예방프로그램 운영
P0675,치매환자 및 가족프로그램 운영,,전국치매센터표준데이터_utf8.csv,치매환자 및 가족프로그램 운영
P0676,치매인식개선 사업 등,,전국치매센터표준데이터_utf8.csv,치매인식개선 사업 등
P0677,회상요법,,전국치매센터표준데이터_utf8.csv,회상요법
P0678,미술치료,,전국치매센터표준데이터_utf8.csv,미술치료
P0679,음악치료 등 인지재활 프로그램,,전국치매센터표준데이터_utf8.csv,음악치료 등 인지재활 프로그램
P0680,치매인식개선홍보,,전국치매센터표준데이터_utf8.csv,치매인식개선홍보
P0681,단기쉼터 운영 등,,전국치매센터표준데이터_utf8.csv,단기쉼터 운영 등
P0682,치매관련 자원 발굴,,전국치매센터표준데이터_utf8.csv,치매관련 자원 발굴
P0683,치매 연구·통계,,전국치매센터표준데이터_utf8.csv,치매 연구·통계
P0684,치매선별검사 및 진단검사 실시,,전국치매센터표준데이터_utf8.csv,치매선별검사 및 진단검사 실시
P0685,치매환자등록ㆍ조호물품ㆍ치매치료관리비 지원,,전국치매센터표준데이터_utf8.csv,치매환자등록ㆍ조호물품ㆍ치매치료관리비 지원
P0686,경증 치매환자 쉼터 운영,,전국치매센터표준데이터_utf8.csv,경증 치매환자 쉼터 운영
P0687,치매예방 프로그램 운영,,전국치매센터표준데이터_utf8.csv,치매예방 프로그램 운영
P0688,치매 인식개선사업,,전국치매센터표준데이터_utf8.csv,치매 인식개선사업
P0689,치매상담 및 등록관리사업,,전국치매센터표준데이터_utf8.csv,치매상담 및 등록관리사업
P0690,일반조기검진사업,,전국치매센터표준데이터_utf8.csv,일반조기검진사업
P0691,치매환자조호물품제공,,전국치매센터표준데이터_utf8.csv,치매환자조호물품제공
P0692,배회가능어르신인식표발급,,전국치매센터표준데이터_utf8.csv,배회가능어르신인식표발급
P0693,인지강화프로그램운영,,전국치매센터표준데이터_utf8.csv,인지강화프로그램운영
P0694,치매예방교육운영,,전국치매센터표준데이터_utf8.csv,치매예방교육운영
P0695,치매환자쉼터프로그램운영,,전국치매센터표준데이터_utf8.csv,치매환자쉼터프로그램운영
P0696,헤아림가족교실운영,,전국치매센터표준데이터_utf8.csv,헤아림가족교실운영
P0697,치매극복선도단체양성,,전국치매센터표준데이터_utf8.csv,치매극복선도단체양성
P0698,치매환자맞춤형사례관리사업,,전국치매센터표준데이터_utf8.csv,치매환자맞춤형사례관리사업
P0699,한마음 치매극복 걷기행사,,전국치매센터표준데이터_utf8.csv,한마음 치매극복 걷기행사
P0700,치매예방교육 및 시민건강강좌,,전국치매센터표준데이터_utf8.csv,치매예방교육 및 시민건강강좌
P0701,치매관련종사자 교육 등,,전국치매센터표준데이터_utf8.csv,치매관련종사자 교육 등
P0702,치매조기검진 및 등록 관리,,전국치매센터표준데이터_utf8.csv,치매조기검진 및 등록 관리
P0703,조호물품제공 등,,전국치매센터표준데이터_utf8.csv,조호물품제공 등
P0704,치매무료검진,,전국치매센터표준데이터_utf8.csv,치매무료검진
P0705,상담 및 등록,,전국치매센터표준데이터_utf8.csv,상담 및 등록
P0706,치매예방교실 및 치매환지쉼터 프로그램 운영,,전국치매센터표준데이터_utf8.csv,치매예방교실 및 치매환지쉼터 프로그램 운영
P0707,실종노인의 발생예방 및 찾기 사업,,전국치매센터표준데이터_utf8.csv,실종노인의 발생예방 및 찾기 사업
P0708,치매가족교실 운영,,전국치매센터표준데이터_utf8.csv,치매가족교실 운영
P0709,치매서포터즈 교육,,전국치매센터표준데이터_utf8.csv,치매서포터즈 교육
P0710,"치매관리 인프라/네트워크 구축,대국민인식개선사업, 교육,연구,조호사업",,전국치매센터표준데이터_utf8.csv,"치매관리 인프라/네트워크 구축,대국민인식개선사업, 교육,연구,조호사업"
P0711,치매조기검진 치매예방관리사업 치매사례관리 치매인식개선 및 홍보 치매공공후견인 치매치료관리비 지원사업,,전국치매센터표준데이터_utf8.csv,치매조기검진 치매예방관리사업 치매사례관리 치매인식개선 및 홍보 치매공공후견인 치매치료관리비 지원사업
P0712,"인지재활프로그램, 기억력 검사 등",,전국치매센터표준데이터_utf8.csv,"인지재활프로그램, 기억력 검사 등"
P0713,예방 등,,전국치매센터표준데이터_utf8.csv,예방 등
P0714,찾아가는 치매예방교실,,전국치매센터표준데이터_utf8.csv,찾아가는 치매예방교실
P0715,기억채움교실,,전국치매센터표준데이터_utf8.csv,기억채움교실
P0716,"치매예방 및 인식개선(교육, 홍보, 선도기관, 파트너양성)",,전국치매센터표준데이터_utf8.csv,"치매예방 및 인식개선(교육, 홍보, 선도기관, 파트너양성)"
P0717,"치매조기검진(선별, 진단,정밀)",,전국치매센터표준데이터_utf8.csv,"치매조기검진(선별, 진단,정밀)"
P0718,"치매예방등록사업(상담 및 사례관리, 환자 및 가족 지원, 인지강화 프로그램, 에방교실)",,전국치매센터표준데이터_utf8.csv,"치매예방등록사업(상담 및 사례관리, 환자 및 가족 지원, 인지강화 프로그램, 에방교실)"
P0719,치매실종예방사업,,전국치매센터표준데이터_utf8.csv,치매실종예방사업
P0720,치매지역사회 지원강화,,전국치매센터표준데이터_utf8.csv,치매지역사회 지원강화
P0721,치매통합관리 정보시스템 구축 운영,,전국치매센터표준데이터_utf8.csv,치매통합관리 정보시스템 구축 운영
P0722,보호자 상담,,전국치매센터표준데이터_utf8.csv,보호자 상담
P0723,지역자원연계,,전국치매센터표준데이터_utf8.csv,지역자원연계
P0724,프로그램 운영 등,,전국치매센터표준데이터_utf8.csv,프로그램 운영 등
P0725,치매예방교육 및 인지건강프로그램,,전국치매센터표준데이터_utf8.csv,치매예방교육 및 인지건강프로그램
P0726,치매인식개선 및 예방교육,,전국치매센터표준데이터_utf8.csv,치매인식개선 및 예방교육
P0727,배회가능 어르신 인식표 무료 보급,,전국치매센터표준데이터_utf8.csv,배회가능 어르신 인식표 무료 보급
P0728,치매예방교실인지강화교실,,전국치매센터표준데이터_utf8.csv,치매예방교실인지강화교실
P0729,인지건강프로그램 등,,전국치매센터표준데이터_utf8.csv,인지건강프로그램 등
P0730,치매상담 및 등록 관리사업,,전국치매센터표준데이터_utf8.csv,치매상담 및 등록 관리사업
P0731,치매환자 조호물품제공,,전국치매센터표준데이터_utf8.csv,치매환자 조호물품제공
P0732,인지재활 프로그램 운영 등,,전국치매센터표준데이터_utf8.csv,인지재활 프로그램 운영 등
P0733,조호물품지원 등의 다양한 치매통합서비스 제공,,전국치매센터표준데이터_utf8.csv,조호물품지원 등의 다양한 치매통합서비스 제공
P0734,치매관리사업 계획,,전국치매센터표준데이터_utf8.csv,치매관리사업 계획
P0735,치매연구치매안심센터 및 노인복지시설 기술지원,,전국치매센터표준데이터_utf8.csv,치매연구치매안심센터 및 노인복지시설 기술지원
P0736,치매관련 종사인력에 대한 교육훈련,,전국치매센터표준데이터_utf8.csv,치매관련 종사인력에 대한 교육훈련
P0737,치매환자 및 가족에 대한 치매의 예방 교육 및 홍보 등,,전국치매센터표준데이터_utf8.csv,치매환자 및 가족에 대한 치매의 예방 교육 및 홍보 등
P0738,인지훈련 등,,전국치매센터표준데이터_utf8.csv,인지훈련 등
P0739,치매 조기 검진,,전국치매센터표준데이터_utf8.csv,치매 조기 검진
P0740,치매 환자 쉼터,,전국치매센터표준데이터_utf8.csv,치매 환자 쉼터
P0741,조호물품 지원 등의 치매통합서비스 제공,,전국치매센터표준데이터_utf8.csv,조호물품 지원 등의 치매통합서비스 제공
P0742,치매가족지지프로그램 운영,,전국치매센터표준데이터_utf8.csv,치매가족지지프로그램 운영
P0743,경증치매 쉼터 프로그램,,전국치매센터표준데이터_utf8.csv,경증치매 쉼터 프로그램
P0744,치매가족지원 프로그램,,전국치매센터표준데이터_utf8.csv,치매가족지원 프로그램
P0745,인식개선 및 교육홍보사업,,전국치매센터표준데이터_utf8.csv,인식개선 및 교육홍보사업
P0746,안심마을 운영 등,,전국치매센터표준데이터_utf8.csv,안심마을 운영 등
P0747,조호물품 지원 등,,전국치매센터표준데이터_utf8.csv,조호물품 지원 등
P0748,가족교실 프로그램 등 운영(기초),,전국치매센터표준데이터_utf8.csv,가족교실 프로그램 등 운영(기초)
P0749,치매프로그램,,전국치매센터표준데이터_utf8.csv,치매프로그램
